iter	Logloss
0	0.546372857
1	0.4970225983
2	0.4705655806
3	0.447415624
4	0.4425170087
5	0.4339235267
6	0.4278422237
7	0.4231838395
8	0.4165262601
9	0.4119847438
10	0.4070340407
11	0.4046935529
12	0.399806283
13	0.3983577236
14	0.3952675816
